{
    "A_range": [
        1.0,
        1.25,
        1.5,
        1.75,
        2.0,
        2.25,
        2.5,
        2.75,
        3.0,
        3.25,
        3.5,
        3.75,
        4.0
    ],
    "results": {
        "AO": [
            14.804268108629234,
            15.62401530011347,
            16.83944534440149,
            16.834973908896735,
            16.97796479641656,
            17.107152662296585,
            16.739716134353277,
            16.962917728291615,
            16.625748911867653,
            16.660916850645798,
            16.874183193889472,
            16.939482838114117,
            17.06123165700934
        ],
        "DRL": [
            12.388812729822893,
            11.94368549025077,
            13.651365055831324,
            14.039263987736195,
            13.98452356070346,
            13.547437194607511,
            13.636136977229611,
            13.980308108570046,
            14.089127467444664,
            15.014813939377422,
            14.081485126062029,
            13.913137323550561,
            13.188758190459643
        ]
    },
    "times": {
        "AO": [
            4.83682861328125,
            0.651354169845581,
            0.27663869857788087,
            0.2670414924621582,
            0.19612865447998046,
            0.21781201362609864,
            0.18876423835754394,
            0.27648143768310546,
            0.23275885581970215,
            0.21757926940917968,
            0.24576878547668457,
            0.18263936042785645,
            0.23141679763793946
        ],
        "DRL": [
            0.058928918838500974,
            0.05187077522277832,
            0.04744000434875488,
            0.04062814712524414,
            0.03602409362792969,
            0.036809682846069336,
            0.035303258895874025,
            0.03336658477783203,
            0.03163642883300781,
            0.030600357055664062,
            0.029803371429443358,
            0.029967498779296876,
            0.03246884346008301
        ]
    }
}