{
    "results": {
        "AO (Random Init)": [
            30.09245792157431,
            23.043428004550666,
            30.227522130573192,
            30.796295593023807,
            31.4664385054922,
            24.25141441409918,
            29.379506479292335,
            31.629490973961545,
            25.288944506826233,
            34.94660522414567,
            27.404725465170912,
            25.126030901707168,
            20.275720133566878,
            28.71429079947462,
            29.569603497739386,
            31.886042855664257,
            28.585488081546735,
            32.22543271961654,
            31.15747434303125,
            25.169040266796188,
            30.222709545361305,
            26.74213215159449,
            19.916595922427902,
            32.57765740004791,
            25.25304754851448,
            30.662928104314915,
            28.38330842798515,
            27.00295644763768,
            29.885287000477426,
            28.587224487788035,
            32.09686857388165,
            26.600497008140625,
            33.29839428203351,
            31.544193875361092,
            30.577742332252768,
            30.574528626886533,
            30.931236967569156,
            33.48778310671569,
            29.56643519316598,
            31.965658952252703,
            25.62238359027308,
            24.432514531121527,
            30.754119460923445,
            29.592359549646275,
            28.556523599105326,
            27.214972325288468,
            23.705413461537457,
            28.1686491918071,
            25.932877483059976,
            33.5886109800526
        ],
        "Hybrid (RL Init + AO)": [
            29.419483340008554,
            23.568320362234324,
            28.920501251756537,
            30.594193688522125,
            31.705054169406232,
            22.985774868975433,
            27.033646168872526,
            31.35524903298591,
            25.04311004068944,
            33.92339855438777,
            27.94777575599995,
            24.086881779779862,
            20.420828621187788,
            28.97821196124135,
            30.135302993033473,
            31.88107291785117,
            29.577375751428466,
            30.49016839032844,
            29.718929968126773,
            24.521199782075755,
            28.251390475113972,
            25.774758214338878,
            21.768775601514115,
            32.7530880842001,
            25.185222349039105,
            30.628437801880267,
            28.158027225452027,
            26.108404057293935,
            29.300947344137366,
            25.631882917927825,
            29.343811003666495,
            26.497033367148834,
            33.32250827350263,
            32.07723960561444,
            29.21274304683089,
            30.837732056389616,
            31.752120337076146,
            32.543540115888895,
            29.54584600845327,
            29.39781761212972,
            26.09946185166085,
            25.046928162209838,
            29.673126356163657,
            30.480300837264384,
            27.66976935146576,
            26.867908413833522,
            24.088680351561468,
            28.21862531780443,
            27.759532820448726,
            32.41033207355029
        ],
        "Pure RL": [
            26.601271574064143,
            22.138766266100845,
            26.41103884221473,
            26.280510844607882,
            26.66835186366015,
            22.51411246554168,
            26.164843854521845,
            28.3984298339439,
            22.07876261728262,
            30.42347164748125,
            24.331420404504506,
            22.111991712569562,
            17.605957479828817,
            24.080021319267527,
            25.648281710756137,
            26.511685557852132,
            26.00981140985054,
            27.878067301409168,
            27.817078070094155,
            21.093418821337313,
            26.214386841561726,
            23.484547686695883,
            19.274264604887804,
            27.648265177632997,
            21.330346277839276,
            26.272000757670916,
            25.5738704084704,
            23.22587794412465,
            27.349077745148588,
            25.054231097836944,
            28.03578964495601,
            22.76690203550646,
            30.006265987861383,
            28.558262818041996,
            27.433765327177774,
            27.86584511898249,
            29.518127483280914,
            29.13071378921707,
            26.513930540415288,
            24.85978028992983,
            22.835137473938843,
            22.22915187330381,
            26.501776809766028,
            25.47968351292848,
            25.86911554789967,
            25.00324641020476,
            20.51479784680312,
            24.94807007500397,
            23.40374387562356,
            25.441593219348057
        ]
    },
    "times": {
        "AO (Random Init)": [
            0.553001880645752,
            0.3662879467010498,
            0.6704487800598145,
            0.39394092559814453,
            0.6448111534118652,
            0.46758103370666504,
            0.47611093521118164,
            0.2798283100128174,
            0.5859458446502686,
            1.1427409648895264,
            0.21196269989013672,
            0.8704099655151367,
            0.4952988624572754,
            0.36806178092956543,
            0.2156219482421875,
            1.5661990642547607,
            0.4276878833770752,
            0.7073209285736084,
            0.3870961666107178,
            0.2296128273010254,
            0.40405988693237305,
            0.7472898960113525,
            0.31561279296875,
            0.3400120735168457,
            2.3419928550720215,
            0.3654911518096924,
            0.5018727779388428,
            0.31737208366394043,
            0.5878949165344238,
            0.6105778217315674,
            0.8359980583190918,
            0.5414919853210449,
            0.9198651313781738,
            0.5458760261535645,
            0.5857448577880859,
            0.46863532066345215,
            0.24778485298156738,
            0.29814791679382324,
            1.4317712783813477,
            0.457200288772583,
            0.4390411376953125,
            0.4340860843658447,
            0.28923916816711426,
            0.20667791366577148,
            0.2586801052093506,
            0.5291562080383301,
            0.3662271499633789,
            0.41396474838256836,
            1.39506196975708,
            1.049255132675171
        ],