{"_step":5000,"train/reward":2.626140526255347,"loss/critic":11.22522975206375,"final/best_eval_capacity":24.39917885458442,"plots/eval_series/eval_capacity":23.08047599321226,"plots/training_curves":{"sha256":"70449ba72d3bb1fbef12271856de233f0d51d5deb2216f2c2d01a6eb56700080","size":353056,"path":"media/images/plots/training_curves_5000_70449ba72d3bb1fbef12.png","format":"png","width":4463,"height":1469,"caption":"DRL training curves","_type":"image-file"},"final/run_dir":"results/drl_training/run_20251129_181845","train/episode":5000,"_wandb":{"runtime":1780},"eval/episode":5000,"_timestamp":1.764413310589917e+09,"eval/mean_capacity":23.08047599321226,"_runtime":1780.888893333,"loss/actor":-0.04919334109872579,"eval/mean_reward":-0.33757228080209023,"eval/std_capacity":3.7626594408876577,"plots/training_series/reward":-5.322621466135914,"train/capacity":23.088125798283734,"eval/std_reward":8.172670962039463,"best_eval_capacity":24.39917885458442,"plots/training_series/capacity":25.154940138366616}