{
    "cma_results": [
        30.66741625097506,
        23.58964680103788,
        29.96866021187523,
        32.836449749617486,
        31.58172222649682,
        24.93314034178173,
        26.77770782207253,
        30.492563304203454,
        25.42315369111563,
        35.04195472296895,
        27.18816603543855,
        25.367393347344958,
        20.882474529017014,
        28.882685933094397,
        29.795136208715835,
        32.51208318138067,
        29.587998196420752,
        31.614445847701262,
        29.64281266208581,
        25.12366930695888,
        29.2947083464582,
        24.930826743643706,
        21.592888933184533,
        32.19314262225916,
        25.280989219665294,
        30.191282622501358,
        29.053967954417814,
        28.15479053955715,
        29.78784798532621,
        29.24538853608186,
        30.253163379228535,
        26.669522711368387,
        33.44556105405902,
        30.298003896574155,
        29.803111728172595,
        28.603269524071216,
        33.63110176696239,
        31.42614705297204,
        29.9655434902759,
        32.49772870079235,
        26.528176383693264,
        24.469796151926776,
        32.006462270830006,
        28.532465136583106,
        28.356619604911806,
        26.980652906800735,
        24.76988932366669,
        28.607342922049884,
        28.514208306866184,
        33.79828819603408
    ],
    "ao_results": [
        29.300080178031777,
        23.06832139345822,
        30.214892742245077,
        30.7251220743763,
        31.653164532038364,
        24.303818214776562,
        28.929379405473618,
        31.34605540210545,
        25.92348787729629,
        34.62169922034849,
        28.905196031049712,
        25.01448193906577,
        19.584663806645985,
        28.726319509119087,
        30.255211974055108,
        29.4772262204346,
        28.689617083817044,
        32.142271161824084,
        29.744282107576076,
        26.790887674847703,
        29.843926347246835,
        26.567000830734276,
        20.782619899587683,
        32.61641236997332,
        23.467839946042922,
        31.2564834396339,
        28.27748780357477,
        26.60152649418297,
        28.967098507901134,
        28.438035151754427,
        32.53911148864918,
        26.60336268798067,
        28.842636933930528,
        31.352065159632534,
        30.359149405455682,
        30.664093199473974,
        31.750099928434366,
        33.365650389975954,
        28.893547839694303,
        32.09777130536743,
        25.591253453736424,
        24.97610528875678,
        29.593510338577865,
        28.70326045826654,
        29.31747809877662,
        27.620908077092643,
        23.721262239125707,
        28.05503096925574,
        28.33896998925527,
        33.65712128963905
    ]
}