{
    "results": [
        31.059456211848946,
        24.7406726478272,
        30.332710100262886,
        32.96756083920499,
        31.66641086752272,
        24.6327659363981,
        29.167534189092997,
        33.52031599970148,
        25.822849411204174,
        35.265043126794836,
        28.796171761249752,
        26.314279816124877,
        20.959670793274295,
        28.771603879202345,
        29.89075186332152,
        32.280629043514445,
        29.64681892193328,
        32.04483283951537,
        30.623880805215606,
        26.571004561552208,
        30.498134382632617,
        26.608779131502352,
        22.92699763016836,
        33.25407646323725,
        25.89335510801062,
        31.56887685644037,
        29.01459390463677,
        27.669188275138126,
        29.561575724928048,
        29.25045157303507,
        31.66436660481343,
        26.610653009576378,
        33.58999480058861,
        31.88951756497171,
        31.170700355253423,
        30.67060185343242,
        33.682941277002584,
        33.15549234088977,
        29.563504723125615,
        31.119053233554148,
        27.419044278161707,
        24.872473608548717,
        31.4240929847167,
        30.833510401107237,
        28.793643352255188,
        26.54160204041561,
        23.60162332811666,
        28.457840648764773,
        27.807546763037344,
        33.58985221869924
    ],
    "cma_results": [
        29.332612616196776,
        23.468200041617116,
        28.22969491382012,
        30.377812545998133,
        29.441361021632382,
        24.057886423447606,
        27.431251665416866,
        31.27267690011012,
        24.18369328350928,
        33.95263151049225,
        27.102119854257417,
        25.26483442587189,
        19.888830282572812,
        27.917914450550064,
        29.01125619950009,
        30.676848959858326,
        27.471135480266923,
        29.68589220907053,
        29.654136688898323,
        24.691988764106732,
        28.4917157209815,
        24.986568901443814,
        21.024704605521272,
        32.0370302808808,
        25.877516906998057,
        30.352576301596343,
        27.229213253354192,
        26.135538996365,
        27.34848986464829,
        27.23631110594345,
        30.123020639093035,
        24.404301864534155,
        31.774465231711595,
        29.805549691009816,
        28.6451211053848,
        28.510465811348567,
        31.544069919092898,
        31.63710738041199,
        27.9683034736862,
        30.117127413292927,
        25.26720333536258,
        24.937043457920616,
        30.09544646808317,
        28.840047020577643,
        27.962670355681055,
        25.70671726696721,
        22.895920973090355,
        26.439358838836306,
        26.000259900929468,
        31.840313003173712
    ],
    "ao_results": [
        29.300080178031777,
        23.06846026112787,
        30.217972141707563,
        30.732243740169277,
        31.652804091796604,
        24.2978361877338,
        29.335454566297148,
        31.343308285714777,
        25.92591984655272,
        34.64594181397103,
        28.905938569584983,
        24.981910845034037,
        19.5413688333875,
        28.768448419629486,
        30.26090271149035,
        29.49040822946808,
        28.686218278951795,
        32.14042613612182,
        29.728394597757763,
        26.405639902982664,
        29.840598909778375,
        26.5686323400883,
        20.781081606628753,
        32.61936842346739,
        23.48265441697409,
        31.262760164212715,
        28.296216749220065,
        26.574564345734473,
        28.968287259414105,
        28.43990976647618,
        32.54848570438742,
        26.60280092209065,
        32.99598301415822,
        31.383514894939736,
        30.366052421477477,
        30.66879983090844,
        31.741883762491398,
        33.35978090709345,
        28.949301657364398,
        32.085848915678156,
        25.591127505879705,
        24.988314606935155,
        29.589264514562736,
        28.71783289098518,
        29.31953065899412,
        27.075659279732132,
        24.028402211475616,
        28.117262661534397,
        28.34152620746006,
        33.669302232417635
    ]
}