{"best_eval_capacity":13.226062156442442,"eval/std_capacity":2.536490558841118,"plots/training_curves":{"caption":"DRL training curves","_type":"image-file","sha256":"be9ac734ba8268c8a674caeca895e032a3436e92946f207313c03b7946994d40","size":498149,"path":"media/images/plots/training_curves_100_be9ac734ba8268c8a674.png","format":"png","width":4469,"height":1469},"eval/mean_reward":-72.87365494862239,"train/reward":-65.76093266517265,"eval/episode":100,"_step":100,"_timestamp":1.7642569358899221e+09,"train/capacity":11.90844552682457,"_wandb":{"runtime":16},"train/episode":100,"loss/critic":34.57805061340332,"eval/std_reward":14.130249148176022,"_runtime":16.716078083,"loss/actor":-0.07213957477360963,"eval/mean_capacity":12.657984848058746}