{"loss/actor":-0.06429002213158778,"eval/mean_capacity":23.525153126699344,"eval/mean_reward":200.52103957663002,"train/capacity":22.466995281868762,"_timestamp":1.7644166956820219e+09,"loss/critic":133.5639107840402,"_step":2130,"eval/std_capacity":3.3073867413549767,"eval/std_reward":27.029700406389463,"eval/episode":2100,"_wandb":{"runtime":1499},"_runtime":1499.356978667,"train/episode":2130,"train/reward":190.40558642695117}