{
    "results": {
        "AO (Random Init)": [
            30.09245792157431,
            23.043428004550666,
            30.227522130573192,
            30.796295593023807,
            31.4664385054922,
            24.25141441409918,
            29.379506479292335,
            31.629490973961545,
            25.288944506826233,
            34.94660522414567,
            27.404725465170912,
            25.126030901707168,
            20.275720133566878,
            28.71429079947462,
            29.569603497739386,
            31.886042855664257,
            28.585488081546735,
            32.22543271961654,
            31.15747434303125,
            25.169040266796188,
            30.222709545361305,
            26.74213215159449,
            19.916595922427902,
            32.57765740004791,
            25.25304754851448,
            30.662928104314915,
            28.38330842798515,
            27.00295644763768,
            29.885287000477426,
            28.587224487788035,
            32.09686857388165,
            26.600497008140625,
            33.29839428203351,
            31.544193875361092,
            30.577742332252768,
            30.574528626886533,
            30.931236967569156,
            33.48778310671569,
            29.56643519316598,
            31.965658952252703,
            25.62238359027308,
            24.432514531121527,
            30.754119460923445,
            29.592359549646275,
            28.556523599105326,
            27.214972325288468,
            23.705413461537457,
            28.1686491918071,
            25.932877483059976,
            33.5886109800526
        ],
        "Hybrid (RL Init + AO)": [
            29.74976358003065,
            24.646371783829792,
            29.38138998386016,
            32.511065130634265,
            30.612116421160607,
            23.976754454838897,
            29.532480263875122,
            32.100968130471394,
            24.94557846704157,
            35.84966960455896,
            27.735741460000302,
            24.626577385344497,
            21.04474508544581,
            29.532218442395948,
            29.27095242580743,
            32.11763649653117,
            28.88209222580591,
            31.506330384664466,
            30.954276792279806,
            25.63314369864043,
            30.2677950330432,
            25.97999643261577,
            21.07405090555315,
            32.45442212677324,
            26.360767884203305,
            31.44178278159791,
            28.54564418104052,
            26.72165677386713,
            29.71817533901735,
            28.443244957190636,
            32.136313801957385,
            26.207075166066268,
            32.845904754569915,
            31.3602275517613,
            30.687904938311796,
            30.771514430726462,
            31.899322782255986,
            33.30290440602728,
            29.801039995654307,
            29.973263845985876,
            26.455518020167688,
            24.032152029780146,
            31.052548237625302,
            29.50587471306491,
            28.360101608639056,
            26.460371347012916,
            23.05335541178166,
            28.478974307553564,
            28.150851770910943,
            33.05426851600736
        ],
        "Pure RL": [
            26.511282951475998,
            20.706215204328252,
            25.100267345877654,
            29.48688014200426,
            27.771876603714283,
            21.51766325808729,
            25.30739375079647,
            27.04810212807265,
            21.50532194198987,
            31.02004657789108,
            24.019861296432623,
            22.53658488942635,
            16.580139409972375,
            25.31062012450316,
            28.211701336248204,
            26.96069630617955,
            24.92085913819796,
            25.95600312145403,
            25.984213850045215,
            23.51039525115862,
            26.290014924810528,
            23.86228710884168,
            17.800770536018835,
            29.23013551712205,
            24.64888623863886,
            27.66553487080288,
            23.760510479001987,
            23.16539785211748,
            25.767190603739856,
            23.86070896172816,
            29.168686868658014,
            23.1026972582017,
            28.200101143035454,
            28.328025920160048,
            25.084548098897017,
            28.086615429005192,
            26.982662208163894,
            29.948465513882603,
            27.443876932795497,
            26.841517784840143,
            21.75074963897887,
            21.621976892678717,
            26.761860830742307,
            25.36288704931108,
            25.571540792660635,
            22.286287426376703,
            20.452184801102554,
            24.314517043711895,
            20.42829536281092,
            29.166173924120145
        ]
    },
    "times": {
        "AO (Random Init)": [
            0.5426502227783203,
            0.4336371421813965,
            0.6314239501953125,
            0.3835601806640625,
            0.7118167877197266,
            0.4115629196166992,
            0.343247652053833,
            0.33837199211120605,
            0.581104040145874,
            1.1310038566589355,
            0.21144795417785645,
            0.8326022624969482,
            0.48450469970703125,
            0.31426405906677246,
            0.2202451229095459,
            1.5600309371948242,
            0.3334650993347168,
            0.5179810523986816,
            0.40535497665405273,
            0.2152700424194336,
            0.41515493392944336,
            0.7686078548431396,
            0.2968597412109375,
            0.3074910640716553,
            2.0960021018981934,
            0.30686497688293457,
            0.4279820919036865,
            0.3028531074523926,
            0.5797550678253174,
            0.5011157989501953,
            0.6940407752990723,
            0.36374688148498535,
            1.0752551555633545,
            0.5725228786468506,
            0.5997231006622314,
            0.531688928604126,
            0.24430179595947266,
            0.3605971336364746,
            1.0489799976348877,
            0.4887359142303467,
            0.44210100173950195,
            0.46163082122802734,
            0.29787707328796387,
            0.26375603675842285,
            0.25904107093811035,
            0.6394948959350586,
            0.3379049301147461,
            0.38610315322875977,
            1.4049360752105713,
            0.663222074508667
        ],