{
  "timestamp": "20251118_173722",
  "version": "exact_reproduction",
  "parameters": {
    "A_lambda_values": [
      1,
      2,
      3,
      4,
      5,
      6,
      7,
      8
    ],
    "num_trials": 10,
    "Lr_values": [
      15,
      10
    ],
    "lambda_val": 1
  },
  "results": {
    "average_capacity": [
      [
        14.230545028964276,
        17.34359064938959
      ],
      [
        15.62070483501169,
        17.82824154387911
      ],
      [
        16.849551857450734,
        19.160267319515167
      ],
      [
        17.676643748371173,
        18.912690865742675
      ],
      [
        16.279559531315552,
        17.873193307602953
      ],
      [
        15.804343558328474,
        18.02264663630104
      ],
      [
        15.172608336711079,
        18.144777414567734
      ],
      [
        16.775658357628604,
        18.073347156544777
      ]
    ],
    "Lr_15": [
      14.230545028964276,
      15.62070483501169,
      16.849551857450734,
      17.676643748371173,
      16.279559531315552,
      15.804343558328474,
      15.172608336711079,
      16.775658357628604
    ],
    "Lr_10": [
      17.34359064938959,
      17.82824154387911,
      19.160267319515167,
      18.912690865742675,
      17.873193307602953,
      18.02264663630104,
      18.144777414567734,
      18.073347156544777
    ]
  }
}