{
  "timestamp": "20251118_183556",
  "version": "exact_reproduction",
  "parameters": {
    "A_lambda_values": [
      1.0,
      1.5,
      2.0,
      2.5,
      3.0,
      3.5,
      4.0
    ],
    "num_trials": 5,
    "Lr_values": [
      15,
      10
    ],
    "lambda_val": 1
  },
  "results": {
    "achievable_rate": {
      "Lr_15": [
        15.60977650475165,
        15.355284922931295,
        16.83451376263616,
        15.467966593588258,
        16.481057111296263,
        16.918569082100287,
        15.677450495440747
      ],
      "Lr_10": [
        15.917981187306296,
        17.009301862924982,
        18.69831785871839,
        17.461040405203214,
        19.028186651515234,
        17.58177416793621,
        17.147027906677987
      ]
    },
    "channel_total_power": {
      "Lr_15": [
        48.934740826331875,
        43.630540147061566,
        41.56419943813826,
        51.325510758083524,
        42.601522146759805,
        52.847311914111984,
        50.67751305022649
      ],
      "Lr_10": [
        78.94330686790362,
        52.15322327296993,
        80.54542025041265,
        54.400950026546205,
        58.32635630574862,
        60.84341236018203,
        98.97806056882085
      ]
    },
    "condition_number": {
      "Lr_15": [
        15.915643614000942,
        28.238278138256078,
        8.244484358828265,
        22.244694533110824,
        23.64292963404131,
        7.542566891617414,
        37.19472159960637
      ],
      "Lr_10": [
        28.839748691427673,
        11.664111749793012,
        13.55376343378057,
        14.788520480337525,
        4.661766610827584,
        15.433180990710508,
        46.86695680803861
      ]
    }
  }
}