{
  "timestamp": "20251118_190132",
  "version": "optimized",
  "parameters": {
    "A_lambda_values": [
      1.0,
      1.5,
      2.0,
      2.5,
      3.0,
      3.5,
      4.0
    ],
    "num_trials": 50,
    "Lr_values": [
      5
    ],
    "lambda_val": 1
  },
  "results": {
    "achievable_rate": {
      "Lr_5": [
        7.168380846455846,
        7.29061314129629,
        7.551289064617447,
        7.395168396812712,
        7.092422490070183,
        7.901550356994827,
        7.466722168031501
      ]
    },
    "channel_total_power": {
      "Lr_5": [
        102.63202278650124,
        108.63784513277375,
        115.97780960579266,
        116.08697176253719,
        114.99093696908265,
        123.73993248526025,
        105.15159748279531
      ]
    },
    "condition_number": {
      "Lr_5": [
        523.0579011599111,
        503.21687032255716,
        316.13281944703715,
        535.2596640186723,
        485.87864464539433,
        503.605822168954,
        909.8493950332879
      ]
    },
    "success_rates": {
      "Lr_5": [
        1.0,
        1.0,
        1.0,
        1.0,
        1.0,
        1.0,
        1.0
      ]
    }
  },
  "improvements": [
    "修复了calculate_F函数中的变量覆盖bug",
    "改进了天线初始化策略，提高成功率",
    "添加了步长控制和数值稳定性检查",
    "使用相对误差作为收敛判据",
    "改进了约束处理，减少位置突变"
  ]
}