{
  "timestamp": "20251118_190226",
  "version": "optimized",
  "parameters": {
    "A_lambda_values": [
      1.0,
      1.5,
      2.0,
      2.5,
      3.0,
      3.5,
      4.0
    ],
    "num_trials": 100,
    "Lr_values": [
      5
    ],
    "lambda_val": 1
  },
  "results": {
    "achievable_rate": {
      "Lr_5": [
        7.0984659586480925,
        7.362815401947465,
        7.438632316061228,
        7.617241576843711,
        7.494126974956252,
        7.591759167472369,
        7.804479833770004
      ]
    },
    "channel_total_power": {
      "Lr_5": [
        108.15757838141049,
        118.60129924506391,
        110.83563393550865,
        126.47299190189518,
        126.95679339235943,
        121.1219796739123,
        122.46484864254488
      ]
    },
    "condition_number": {
      "Lr_5": [
        421.84113706589625,
        325.2884661890592,
        397.7043547836622,
        1007.4710025392877,
        1386.5397767429947,
        770.1860081399587,
        329.06078939336555
      ]
    },
    "success_rates": {
      "Lr_5": [
        1.0,
        1.0,
        1.0,
        1.0,
        1.0,
        1.0,
        1.0
      ]
    }
  },
  "improvements": [
    "修复了calculate_F函数中的变量覆盖bug",
    "改进了天线初始化策略，提高成功率",
    "添加了步长控制和数值稳定性检查",
    "使用相对误差作为收敛判据",
    "改进了约束处理，减少位置突变"
  ]
}