{
  "timestamp": "20251118_190038",
  "version": "optimized",
  "parameters": {
    "A_lambda_values": [
      1.0,
      1.5,
      2.0,
      2.5,
      3.0,
      3.5,
      4.0
    ],
    "num_trials": 20,
    "Lr_values": [
      5
    ],
    "lambda_val": 1
  },
  "results": {
    "achievable_rate": {
      "Lr_5": [
        6.785113539482035,
        7.210638908663741,
        7.641486760215005,
        7.7591338182771725,
        7.667033643830079,
        7.246024013893996,
        7.755986200550993
      ]
    },
    "channel_total_power": {
      "Lr_5": [
        101.18863605191714,
        127.76734006498808,
        118.24766968409104,
        132.27685312857605,
        129.97000714451187,
        103.20022242783787,
        133.50668376177725
      ]
    },
    "condition_number": {
      "Lr_5": [
        395.61980111080317,
        307.70021977494764,
        3208.5665735984653,
        949.1432889488636,
        2249.1775533311115,
        147.84438726705523,
        527.7100829301684
      ]
    },
    "success_rates": {
      "Lr_5": [
        1.0,
        1.0,
        1.0,
        1.0,
        1.0,
        1.0,
        1.0
      ]
    }
  },
  "improvements": [
    "修复了calculate_F函数中的变量覆盖bug",
    "改进了天线初始化策略，提高成功率",
    "添加了步长控制和数值稳定性检查",
    "使用相对误差作为收敛判据",
    "改进了约束处理，减少位置突变"
  ]
}