{
  "timestamp": "20251118_190622",
  "version": "optimized",
  "parameters": {
    "A_lambda_values": [
      1.0,
      1.5,
      2.0,
      2.5,
      3.0,
      3.5,
      4.0
    ],
    "num_trials": 50,
    "Lr_values": [
      5
    ],
    "lambda_val": 1
  },
  "results": {
    "achievable_rate": {
      "Lr_5": [
        7.133386127397756,
        7.36133586458275,
        7.542867867930664,
        7.374735785260251,
        7.5193072881454395,
        7.587065639568003,
        7.337463122939595
      ]
    },
    "channel_total_power": {
      "Lr_5": [
        100.76505415104533,
        115.0577104260967,
        123.40970200026999,
        113.25990907877862,
        125.6915985061843,
        114.27055496871421,
        116.7517059050413
      ]
    },
    "condition_number": {
      "Lr_5": [
        374.3674222145793,
        327.22114168026195,
        436.29643384335077,
        1188.998417433203,
        215.30210853878282,
        318.1368072492164,
        345.68878540429336
      ]
    },
    "success_rates": {
      "Lr_5": [
        1.0,
        1.0,
        1.0,
        1.0,
        1.0,
        1.0,
        1.0
      ]
    }
  },
  "improvements": [
    "修复了calculate_F函数中的变量覆盖bug",
    "改进了天线初始化策略，提高成功率",
    "添加了步长控制和数值稳定性检查",
    "使用相对误差作为收敛判据",
    "改进了约束处理，减少位置突变"
  ]
}