{
  "timestamp": "20251118_184813",
  "version": "optimized",
  "parameters": {
    "A_lambda_values": [
      1.0,
      1.5,
      2.0,
      2.5,
      3.0,
      3.5,
      4.0
    ],
    "num_trials": 5,
    "Lr_values": [
      15,
      10
    ],
    "lambda_val": 1
  },
  "results": {
    "achievable_rate": {
      "Lr_15": [
        16.77383203350503,
        15.522685831898471,
        16.528395181229335,
        16.347927744468723,
        15.428336559828171,
        15.183190035030623,
        17.29846444062497
      ],
      "Lr_10": [
        16.09797330713186,
        17.398860652912727,
        17.245976860719033,
        16.58330189672933,
        18.05528138789449,
        17.627974082366702,
        19.359905062280582
      ]
    },
    "channel_total_power": {
      "Lr_15": [
        49.9378700279997,
        56.69930623488851,
        43.52286098312298,
        46.23981990703709,
        40.45780818944919,
        40.59626148746005,
        56.659755636424414
      ],
      "Lr_10": [
        66.23493360448711,
        70.30517900051431,
        58.57362152073699,
        68.2036776961665,
        86.92745738047775,
        73.89191918425496,
        77.77671460482708
      ]
    },
    "condition_number": {
      "Lr_15": [
        57.89106053324357,
        26.25972296934068,
        16.3009214523854,
        10.125702735152899,
        28.323983918783625,
        25.433291234315515,
        18.912986334868684
      ],
      "Lr_10": [
        38.89315800510266,
        13.171685104799923,
        15.76220940722215,
        33.443257051425725,
        106.58642738711185,
        39.28644096674371,
        21.009573752472832
      ]
    },
    "success_rates": {
      "Lr_15": [
        1.0,
        1.0,
        1.0,
        1.0,
        1.0,
        1.0,
        1.0
      ],
      "Lr_10": [
        1.0,
        1.0,
        1.0,
        1.0,
        1.0,
        1.0,
        1.0
      ]
    }
  },
  "improvements": [
    "修复了calculate_F函数中的变量覆盖bug",
    "改进了天线初始化策略，提高成功率",
    "添加了步长控制和数值稳定性检查",
    "使用相对误差作为收敛判据",
    "改进了约束处理，减少位置突变"
  ]
}