{
  "timestamp": "20251119_144409",
  "version": "optimized",
  "parameters": {
    "A_lambda_values": [
      1.0,
      1.2,
      1.4,
      1.5999999999999999,
      1.7999999999999998,
      1.9999999999999998,
      2.1999999999999997,
      2.3999999999999995,
      2.5999999999999996,
      2.8,
      2.9999999999999996,
      3.1999999999999993,
      3.3999999999999995,
      3.5999999999999996,
      3.7999999999999994,
      3.999999999999999,
      4.199999999999999,
      4.3999999999999995,
      4.6,
      4.799999999999999,
      4.999999999999999,
      5.199999999999999,
      5.399999999999999,
      5.599999999999999,
      5.799999999999999,
      5.999999999999999,
      6.199999999999999,
      6.399999999999999,
      6.599999999999999,
      6.799999999999999,
      6.999999999999998,
      7.199999999999998,
      7.399999999999999,
      7.599999999999999,
      7.799999999999999,
      7.999999999999998,
      8.2,
      8.399999999999999,
      8.599999999999998,
      8.799999999999997,
      8.999999999999998,
      9.199999999999998,
      9.399999999999999,
      9.599999999999998,
      9.799999999999997
    ],
    "num_trials": 1,
    "Lr_values": [
      15
    ],
    "lambda_val": 1
  },
  "results": {
    "achievable_rate": {
      "Lr_15": [
        12.96424036164447,
        16.573695185571196,
        17.369920302626376,
        15.455891117255767,
        16.508408436714433,
        14.902973494236662,
        16.772318389860533,
        19.741881739180506,
        13.731747025898567,
        13.91420547663742,
        18.434471907608852,
        16.22101974485569,
        18.2068585197881,
        15.72875258363259,
        17.13148606071404,
        18.182693344660628,
        17.533136787104436,
        15.890481858782728,
        15.675957489062224,
        18.402291676028298,
        18.51440132281908,
        19.164117089350583,
        20.778052554273103,
        18.486403191349588,
        19.388146657237282,
        16.827483917924123,
        19.910718771570146,
        16.601868736633563,
        18.50918640864881,
        17.075528145233864,
        16.070448530850456,
        15.276971503538636,
        17.98673641849731,
        16.029524421311418,
        19.920627541999448,
        17.58251906141145,
        18.885869988890065,
        12.863321220454008,
        14.07723594517637,
        15.464036688771404,
        17.06592881836213,
        16.763083087704338,
        16.730801158846365,
        20.3592160497644,
        15.690547988301862
      ]
    },
    "channel_total_power": {
      "Lr_15": [
        23.629002761503187,
        56.37549256503103,
        47.387774120809254,
        21.374648328609727,
        46.78033651396775,
        44.84765225618811,
        75.38150363057372,
        112.03168639591192,
        17.700424055792013,
        59.33898619097212,
        35.76006603121773,
        27.680370187664593,
        60.33401077559559,
        31.044766673865503,
        34.157052444489715,
        34.850089383302816,
        38.91350292546201,
        52.51235543202771,
        22.53556134145832,
        44.42997295581543,
        46.6207219475043,
        71.03579253971321,
        71.65596752955635,
        43.25297943971079,
        79.54240773702097,
        73.99005106252889,
        72.71792548550977,
        23.342936465128403,
        51.70406275450749,
        37.34901552693388,
        27.68109731003032,
        37.051554028234435,
        31.95378742320498,
        25.30648565164317,
        52.277035163839834,
        35.597621674997406,
        121.73344197386882,
        24.150200276595307,
        20.320622094435315,
        25.09943392896343,
        75.17979950086041,
        34.781759697796296,
        43.066616497032484,
        67.44549678836863,
        21.8624472425407
      ]
    },
    "condition_number": {
      "Lr_15": [
        10.537624746565966,
        12.805202436068683,
        5.996513498740141,
        2.561395267615413,
        4.902958464805023,
        18.178421131842732,
        26.693873717500626,
        7.489617017338379,
        3.184662046714358,
        57.13395084250713,
        2.3314939329554094,
        2.7566561406309957,
        5.915575356401928,
        4.054027344023258,
        3.2715019775929535,
        2.4999227782408404,
        3.2252746576002793,
        13.797988660892425,
        2.2773027037432465,
        3.777135250441777,
        3.4135136513426776,
        4.937492070175016,
        3.474719545335103,
        3.596606317718708,
        5.488329187976139,
        34.553125284767574,
        4.682373661424534,
        1.7618506118411628,
        4.29985994200349,
        3.609467401787628,
        3.2464091501948524,
        6.7414527324399005,
        2.1374078994148054,
        2.7806832565258617,
        3.018054220617546,
        3.144481307597703,
        8.054500693898092,
        9.676900295824716,
        3.3308155159590633,
        3.02433409135217,
        7.555177057798085,
        3.517166849644499,
        5.65087823215409,
        3.632877416032361,
        2.402763827110917
      ]
    },
    "success_rates": {
      "Lr_15": [
        1.0,
        1.0,
        1.0,
        1.0,
        1.0,
        1.0,
        1.0,
        1.0,
        1.0,
        1.0,
        1.0,
        1.0,
        1.0,
        1.0,
        1.0,
        1.0,
        1.0,
        1.0,
        1.0,
        1.0,
        1.0,
        1.0,
        1.0,
        1.0,
        1.0,
        1.0,
        1.0,
        1.0,
        1.0,
        1.0,
        1.0,
        1.0,
        1.0,
        1.0,
        1.0,
        1.0,
        1.0,
        1.0,
        1.0,
        1.0,
        1.0,
        1.0,
        1.0,
        1.0,
        1.0
      ]
    }
  },
  "improvements": [
    "修复了calculate_F函数中的变量覆盖bug",
    "改进了天线初始化策略，提高成功率",
    "添加了步长控制和数值稳定性检查",
    "使用相对误差作为收敛判据",
    "改进了约束处理，减少位置突变"
  ]
}