{
  "timestamp": "20251118_190754",
  "version": "optimized",
  "parameters": {
    "A_lambda_values": [
      1.0,
      1.3,
      1.6,
      1.9000000000000001,
      2.2,
      2.5,
      2.8000000000000003,
      3.1000000000000005,
      3.4000000000000004,
      3.7,
      4.0,
      4.300000000000001
    ],
    "num_trials": 10,
    "Lr_values": [
      5
    ],
    "lambda_val": 1
  },
  "results": {
    "achievable_rate": {
      "Lr_5": [
        6.919447804063847,
        6.972040204643181,
        7.556830413548099,
        7.021732673442353,
        7.275803054167966,
        6.440172649203501,
        7.330288412211752,
        7.336512552648891,
        7.004904429514563,
        7.94185172097728,
        7.0452732196787595,
        7.677520150532696
      ]
    },
    "channel_total_power": {
      "Lr_5": [
        122.24632467221781,
        89.7068882767099,
        113.28505537115511,
        90.31592159162831,
        151.5952320163058,
        89.50624461308485,
        112.85263006496348,
        93.6651420129504,
        112.05694973350164,
        160.92070249876548,
        129.62169549627666,
        119.14290347745582
      ]
    },
    "condition_number": {
      "Lr_5": [
        236.4454683307762,
        61.94741293060734,
        372.70933985059855,
        453.03028268564606,
        523.7161006865242,
        261.24464249606297,
        256.50265025908936,
        183.70892694471559,
        252.34006852372886,
        15904.63156399529,
        14078.50421754538,
        247.71156633292873
      ]
    },
    "success_rates": {
      "Lr_5": [
        1.0,
        1.0,
        1.0,
        1.0,
        1.0,
        1.0,
        1.0,
        1.0,
        1.0,
        1.0,
        1.0,
        1.0
      ]
    }
  },
  "improvements": [
    "修复了calculate_F函数中的变量覆盖bug",
    "改进了天线初始化策略，提高成功率",
    "添加了步长控制和数值稳定性检查",
    "使用相对误差作为收敛判据",
    "改进了约束处理，减少位置突变"
  ]
}