{
  "timestamp": "20251118_190412",
  "version": "optimized",
  "parameters": {
    "A_lambda_values": [
      1.0,
      1.5,
      2.0,
      2.5,
      3.0,
      3.5,
      4.0
    ],
    "num_trials": 200,
    "Lr_values": [
      5
    ],
    "lambda_val": 1
  },
  "results": {
    "achievable_rate": {
      "Lr_5": [
        7.030266128132268,
        7.303070670162506,
        7.638828466466366,
        7.6221576696441256,
        7.540752497249498,
        7.704332076792392,
        7.5458615777219995
      ]
    },
    "channel_total_power": {
      "Lr_5": [
        104.74074931669234,
        111.10781196550651,
        124.34709925063845,
        126.82894259059849,
        119.63545746568913,
        127.30630314125055,
        117.96368242665008
      ]
    },
    "condition_number": {
      "Lr_5": [
        482.76867495691766,
        2962.0580742785655,
        919.270046177871,
        1218.887610119668,
        2439.9553921242377,
        2857.3993047152494,
        1101.307582737383
      ]
    },
    "success_rates": {
      "Lr_5": [
        1.0,
        1.0,
        1.0,
        1.0,
        1.0,
        1.0,
        1.0
      ]
    }
  },
  "improvements": [
    "修复了calculate_F函数中的变量覆盖bug",
    "改进了天线初始化策略，提高成功率",
    "添加了步长控制和数值稳定性检查",
    "使用相对误差作为收敛判据",
    "改进了约束处理，减少位置突变"
  ]
}