{
  "timestamp": "20251119_111053",
  "version": "optimized",
  "parameters": {
    "A_lambda_values": [
      1.0,
      1.2,
      1.4,
      1.5999999999999999,
      1.7999999999999998,
      1.9999999999999998,
      2.1999999999999997,
      2.3999999999999995,
      2.5999999999999996,
      2.8,
      2.9999999999999996,
      3.1999999999999993,
      3.3999999999999995,
      3.5999999999999996,
      3.7999999999999994,
      3.999999999999999,
      4.199999999999999,
      4.3999999999999995,
      4.6,
      4.799999999999999,
      4.999999999999999,
      5.199999999999999,
      5.399999999999999,
      5.599999999999999,
      5.799999999999999,
      5.999999999999999,
      6.199999999999999,
      6.399999999999999,
      6.599999999999999,
      6.799999999999999,
      6.999999999999998,
      7.199999999999998,
      7.399999999999999,
      7.599999999999999,
      7.799999999999999,
      7.999999999999998,
      8.2,
      8.399999999999999,
      8.599999999999998,
      8.799999999999997,
      8.999999999999998,
      9.199999999999998,
      9.399999999999999,
      9.599999999999998,
      9.799999999999997
    ],
    "num_trials": 10,
    "Lr_values": [
      15
    ],
    "lambda_val": 1
  },
  "results": {
    "achievable_rate": {
      "Lr_15": [
        15.702921755349436,
        16.532663238130706,
        16.45830363783135,
        16.00231137888228,
        16.2824666637299,
        16.9347213872341,
        16.893465215451577,
        16.70324276348907,
        17.096018749896167,
        16.84587508789637,
        16.828034126747493,
        18.65372456574762,
        17.149058516434824,
        17.008126737849473,
        16.999400748062733,
        16.402989190643147,
        16.57090973930334,
        17.36506054787306,
        17.721310500953074,
        17.511765529714843,
        17.70037377368525,
        18.053774957623727,
        17.775931653497203,
        18.187233991479086,
        16.850840042031503,
        17.564197010809558,
        17.474279892716762,
        17.868631841344857,
        17.710379213552653,
        17.95334770536452,
        17.616853444479837,
        17.66265789846625,
        17.557075354697993,
        15.943945257813391,
        16.516668667912636,
        17.521056794601144,
        16.34878092355156,
        17.585585885501693,
        16.27344967322189,
        16.750157615435597,
        17.900348383920733,
        17.620327846216206,
        16.694415324468633,
        17.491612041215195,
        17.22895190795642
      ]
    },
    "channel_total_power": {
      "Lr_15": [
        44.699346243136816,
        45.43712862523292,
        54.8452515275509,
        44.39022620098558,
        43.51161826670481,
        53.430515475471886,
        44.56352805693928,
        37.29122720814034,
        48.49222884667013,
        55.933452078408685,
        54.719991167323734,
        79.58684622687663,
        46.59621063109476,
        35.74428901961116,
        48.13682389815306,
        43.935353619689764,
        36.544160572529414,
        46.83999299420659,
        50.41007046945919,
        56.65951561949424,
        55.35030351796729,
        58.89932084807036,
        45.08579971473499,
        49.863782045732236,
        42.77899428598075,
        47.16688554636223,
        44.359880253493664,
        39.49925136861108,
        51.51892237870836,
        51.221494509960586,
        42.80144147826138,
        43.81754579088107,
        46.03550902323464,
        34.69569427271294,
        36.39161889541511,
        57.053832831786714,
        36.23403707931209,
        48.701401091928275,
        34.529973801666536,
        51.12374363358448,
        44.69625718366267,
        54.402110476134794,
        42.291888477023925,
        38.61571826774799,
        42.61806463867879
      ]
    },
    "condition_number": {
      "Lr_15": [
        7.918396824330425,
        13.118430277096753,
        9.603621604964472,
        14.891055313593194,
        10.739245830161556,
        7.059401535555942,
        5.014126928315756,
        5.364849403914887,
        11.583494083177278,
        7.670432455026157,
        14.17194115392201,
        6.74832929764644,
        5.564069528115614,
        3.226880078101434,
        24.288917411069605,
        5.977149145272556,
        3.6374366587094378,
        6.940322132657663,
        4.851876116287995,
        8.215254757130745,
        5.921561454726949,
        4.821747606281607,
        3.6507836734736188,
        3.4696676309042735,
        5.698874629886042,
        3.8312232325463698,
        3.6226462719730472,
        2.9705346564277044,
        5.216960256295499,
        4.07285600630249,
        4.106884847325047,
        4.24354880260798,
        4.087754645967752,
        5.437111468555708,
        6.555097736507591,
        6.9861536871748005,
        8.5359189202921,
        4.751774451485732,
        5.274307019606465,
        7.639510470447684,
        3.5896735298345477,
        4.253405302164573,
        4.661556221417624,
        4.66108572105936,
        5.155612543283475
      ]
    },
    "success_rates": {
      "Lr_15": [
        1.0,
        1.0,
        1.0,
        1.0,
        1.0,
        1.0,
        1.0,
        1.0,
        1.0,
        1.0,
        1.0,
        1.0,
        1.0,
        1.0,
        1.0,
        1.0,
        1.0,
        1.0,
        1.0,
        1.0,
        1.0,
        1.0,
        1.0,
        1.0,
        1.0,
        1.0,
        1.0,
        1.0,
        1.0,
        1.0,
        1.0,
        1.0,
        1.0,
        1.0,
        1.0,
        1.0,
        1.0,
        1.0,
        1.0,
        1.0,
        1.0,
        1.0,
        1.0,
        1.0,
        1.0
      ]
    }
  },
  "improvements": [
    "修复了calculate_F函数中的变量覆盖bug",
    "改进了天线初始化策略，提高成功率",
    "添加了步长控制和数值稳定性检查",
    "使用相对误差作为收敛判据",
    "改进了约束处理，减少位置突变"
  ]
}