{
    "variable_values": [
        1.0,
        1.5,
        2.0,
        2.5,
        3.0,
        3.5,
        4.0
    ],
    "Proposed": [
        23.624944922066675,
        31.277538462244774,
        31.853607084193236,
        31.677532813419667,
        31.836577584800786,
        32.25641792586664,
        32.215730813311
    ],
    "SEPM": [
        17.743945761403484,
        22.758214147255348,
        26.83014895686685,
        26.999848689775877,
        24.54336694318125,
        23.188274174821174,
        25.6931687559322
    ],
    "FPA": [
        19.04673877981371,
        19.04673877981371,
        19.04673877981371,
        19.04673877981371,
        19.04673877981371,
        19.04673877981371,
        19.04673877981371
    ]
}