{
    "variable_values": [
        -15.0,
        -5.0
    ],
    "MA-FD": [
        1.4588436090238424,
        3.2504991855639638
    ],
    "FPA-FD": [
        0.6743635976494706,
        3.570451275023581
    ]
}