{"loss/critic":12.894056618213654,"best_eval_capacity":23.89876587164049,"eval/std_capacity":3.851938762684822,"_wandb":{"runtime":416},"train/episode":5000,"_timestamp":1.764297420775829e+09,"train/reward":-6.045013461332885,"_runtime":416.797233916,"eval/std_reward":25.822106060510748,"eval/episode":5000,"eval/mean_reward":-12.890280468103134,"loss/actor":-0.06863382565788925,"train/capacity":21.594908072138182,"_step":5000,"plots/training_curves":{"width":4463,"height":1469,"caption":"DRL training curves","_type":"image-file","sha256":"9de2d4b47992240ecbf8764d3afd7a86dbe3a365274e5d12343f62593b68c1c9","size":353782,"path":"media/images/plots/training_curves_5000_9de2d4b47992240ecbf8.png","format":"png"},"eval/mean_capacity":23.38414105693672}