{
    "episode_rewards": [
        -97.45387453707549,
        -40.62059183849426,
        -68.73319738605537,
        -125.83356827194612,
        -46.86949070178206,
        -88.74498935556072,
        -66.87730027365,
        -45.612270130249506,
        -66.32652173349284,
        -22.624279537074866,
        -33.730033248439476,
        -32.39170667166132,
        -30.04192274794235,
        -81.2169898636394,
        -43.57120782258297,
        -85.94138020271787,
        -26.45439934427828,
        -32.42282565910122,
        -74.51995529310247,
        -71.8415063998472,
        -25.797338919585997,
        -65.91789615081764,
        -19.8134375520562,
        -33.21521265446509,
        -29.145468187456316,
        -23.79645370923942,
        -62.881368428242276,
        -72.12674849565418,
        -45.07943829448172,
        -94.43817020751588,
        -140.30524667560405,
        -49.02616795534956,
        -49.16505239042114,
        -99.20783890243898,
        -51.341228244511754,
        -47.77563646251721,
        -160.22562358297063,
        -85.15402029830798,
        -39.4324355099859,
        -35.85491303408736,
        -99.42309826591622,
        -127.97722578547007,
        -57.42991752362686,
        -84.74069883342429,
        -70.04048257742807,
        -26.583708145538722,
        -19.936273246668854,
        -50.8671006679873,
        -60.304038341062174,
        -36.6153240229745
    ],
    "episode_capacities": [
        27.02280174494686,
        19.56561400370685,
        23.825106611527364,
        20.126721072775872,
        19.31531049948017,
        21.131721311151438,
        15.87247997106186,
        19.849398657755707,
        24.689191325343828,
        22.457362811371645,
        23.48679424840808,
        19.130272283466915,
        12.265426424174048,
        24.065398389568955,
        30.39403247790319,
        21.81800904195778,
        22.204093213186816,
        20.922565218686398,
        25.554927019882285,
        30.319539318172577,
        20.495978583317864,
        24.055489346025617,
        16.43470703151554,
        26.259708345026866,
        28.038391788653193,
        28.333190344663677,
        24.343587779264663,
        23.623366657054557,
        27.656778559134054,
        23.77945108250905,
        16.33826681750572,
        24.74127840181253,
        24.626269612867205,
        19.663875269341375,
        27.513285923155212,
        27.212435258352087,
        22.051740044081146,
        26.537880179965413,
        26.275724408780082,
        27.883708238187513,
        30.197731440397085,
        28.918454997309546,
        27.240406900396607,
        12.65933389866269,
        28.076595508369337,
        10.953813331311196,
        17.455807234314353,
        19.456732282613203,
        19.6932107360609,
        18.701264887675784
    ],
    "eval_episodes": [],
    "eval_capacities": [],
    "best_eval_capacity": -Infinity
}