{"eval/episode":800,"_wandb":{"runtime":288},"_timestamp":1.764414175945536e+09,"eval/mean_capacity":22.727205337411014,"_runtime":288.913753291,"_step":800,"loss/critic":12.602579420804977,"train/capacity":23.078233369479914,"eval/std_capacity":2.64903980155074,"train/reward":60.86689001723386,"loss/actor":-0.05404148884117603,"eval/std_reward":5.111220258980434,"train/episode":800,"eval/mean_reward":68.68195208329729}